<?xml version="1.0" encoding="UTF-8"?>
<!--Project: ant-dialog-->
<!--Copyright: bruno persi, all rights reserved -->
<!-- license: Apache 2.0 -->
<!--Author: bruno persi -->
<!-- example script !-->
	  <project name="exampleDialog" default="test" basedir=".">


	  	
	  	<target name="test">
	  		<taskdef resource="dialog-task.properties" classpath="${build.dir}"/>
	  		<dialog dialogtitle="deploy XBean" propertiespath="c:\">
	  			<textfield property="jbossHomeField" defaultvalue="c:\xwas" label="define JBossHome: "
	  			required="true" size="20"/>
	  			<textfield property="jbossInstanceField" defaultvalue="all" label="define JBoss instance"
	  			required="true" size="20"/>
	  			<textfield property="axisHomeField" defaultvalue="axis.war" label="define Axis Home"
	  			required="false" size="20"/>
	  			<textfield property="test.dir" defaultvalue="c:\" label="define your root directory"
	  			required="false" size="20"/>
	  			<combobox property="selected.item" label="select instance">
	  				<comboboxitem value="all"/>
	  				<comboboxitem value="my"/>
	  				<comboboxitem value="default"/>
	  			</combobox>
	  			<radiobuttongroup label="database configuration" required="false" property="radioButton">
	  				<radiobutton value="all" label="db1"></radiobutton>
	  				<radiobutton value="default" label="db2"></radiobutton>
	  			</radiobuttongroup>
	  		</dialog>
	  		<echo message="${selected.item}"></echo>
	  		<echo message="${radioButton}"/>
	  		
	  	</target>
	  	
		
	  </project>